[
  {
    "id": "69b915f4-8d9a-48d9-a549-e9273171de97",
    "data": [
      {
        "text": "Share some laughter. What\u0027s your joke?",
        "userDefined": false
      }
    ],
    "isTemplate": false,
    "count": 0,
    "lang": "en",
    "updated": 0
  },
  {
    "id": "0ec2eccd-461b-4dc4-9f2b-098d89e313d4",
    "data": [
      {
        "text": "I\u0027m in the mood for laughter. Tell me a joke!",
        "userDefined": false
      }
    ],
    "isTemplate": false,
    "count": 0,
    "lang": "en",
    "updated": 0
  },
  {
    "id": "f209322f-a889-4532-bb02-016f9d2d2d5a",
    "data": [
      {
        "text": "I\u0027m open to a good joke. What\u0027s yours?",
        "userDefined": false
      }
    ],
    "isTemplate": false,
    "count": 0,
    "lang": "en",
    "updated": 0
  },
  {
    "id": "b14891ef-782c-4d8a-8b34-b3fd8a5aaf80",
    "data": [
      {
        "text": "Time for some humor. Share a joke!",
        "userDefined": false
      }
    ],
    "isTemplate": false,
    "count": 0,
    "lang": "en",
    "updated": 0
  },
  {
    "id": "cd05dac6-a784-4105-99a4-4f630bfebf72",
    "data": [
      {
        "text": "Can you entertain me with a joke?",
        "userDefined": false
      }
    ],
    "isTemplate": false,
    "count": 0,
    "lang": "en",
    "updated": 0
  },
  {
    "id": "d8e4fdaa-77dc-41f0-8115-2dc56fb6e882",
    "data": [
      {
        "text": "Let\u0027s lighten things up with a joke.",
        "userDefined": false
      }
    ],
    "isTemplate": false,
    "count": 0,
    "lang": "en",
    "updated": 0
  },
  {
    "id": "c7ef8ac3-0bf5-446e-ae5d-95c411ccdcee",
    "data": [
      {
        "text": "Give me your best joke!",
        "userDefined": false
      }
    ],
    "isTemplate": false,
    "count": 0,
    "lang": "en",
    "updated": 0
  },
  {
    "id": "308ec353-7896-4e97-806b-c41eaad47c13",
    "data": [
      {
        "text": "Lay a joke on me! Ready for a chuckle.",
        "userDefined": false
      }
    ],
    "isTemplate": false,
    "count": 0,
    "lang": "en",
    "updated": 0
  },
  {
    "id": "a54ff5ee-38c7-41fb-9606-73a6cd69190c",
    "data": [
      {
        "text": "Feeling like a laugh.",
        "userDefined": false
      }
    ],
    "isTemplate": false,
    "count": 0,
    "lang": "en",
    "updated": 0
  },
  {
    "id": "93e95480-c1c6-4152-85a0-eaf1582bc30f",
    "data": [
      {
        "text": "tell me a joke",
        "userDefined": false
      }
    ],
    "isTemplate": false,
    "count": 0,
    "lang": "en",
    "updated": 0
  },
  {
    "id": "4929b3a3-00b0-458f-97f8-ea34e33d8731",
    "data": [
      {
        "text": "Hit me with a joke!",
        "userDefined": false
      }
    ],
    "isTemplate": false,
    "count": 0,
    "lang": "en",
    "updated": 0
  },
  {
    "id": "417a68c3-95bb-40eb-9cf0-c3be84d3c7fd",
    "data": [
      {
        "text": "What\u0027s your best joke?",
        "userDefined": false
      }
    ],
    "isTemplate": false,
    "count": 0,
    "lang": "en",
    "updated": 0
  },
  {
    "id": "b065a2d6-d627-41c4-8b1f-8b1ae6821218",
    "data": [
      {
        "text": "I\u0027m in the mood for some humor.",
        "userDefined": false
      }
    ],
    "isTemplate": false,
    "count": 0,
    "lang": "en",
    "updated": 0
  },
  {
    "id": "98744022-2656-4dda-b3df-87f01afb9dec",
    "data": [
      {
        "text": "Tell me a joke, please!",
        "userDefined": false
      }
    ],
    "isTemplate": false,
    "count": 0,
    "lang": "en",
    "updated": 0
  },
  {
    "id": "6256532c-5b8e-4eee-997c-cff39a37020e",
    "data": [
      {
        "text": "How about a joke to brighten the mood?",
        "userDefined": false
      }
    ],
    "isTemplate": false,
    "count": 0,
    "lang": "en",
    "updated": 0
  },
  {
    "id": "aa6cf3ee-7e64-48b5-a9d0-b37ba9b7414a",
    "data": [
      {
        "text": "I\u0027m up for a laugh. Got any jokes?",
        "userDefined": false
      }
    ],
    "isTemplate": false,
    "count": 0,
    "lang": "en",
    "updated": 0
  },
  {
    "id": "cbf3c36b-d3a3-402a-bee9-6dc89766dfe2",
    "data": [
      {
        "text": "Share a joke with me!",
        "userDefined": false
      }
    ],
    "isTemplate": false,
    "count": 0,
    "lang": "en",
    "updated": 0
  },
  {
    "id": "c350bfed-d75e-4fbd-a502-433b05d61feb",
    "data": [
      {
        "text": "Can you tell me a joke?",
        "userDefined": false
      }
    ],
    "isTemplate": false,
    "count": 0,
    "lang": "en",
    "updated": 0
  },
  {
    "id": "6cead560-f825-426d-a862-f26ea6cd7adb",
    "data": [
      {
        "text": "Let\u0027s hear a joke!",
        "userDefined": false
      }
    ],
    "isTemplate": false,
    "count": 0,
    "lang": "en",
    "updated": 0
  },
  {
    "id": "4abed418-ba3f-4903-b750-68a62c5d12d1",
    "data": [
      {
        "text": "How about sharing a joke?",
        "userDefined": false
      }
    ],
    "isTemplate": false,
    "count": 0,
    "lang": "en",
    "updated": 0
  }
]