[
  {
    "id": "d8f65210-4d3f-48ad-a5d4-e7c6347f6c9f",
    "data": [
      {
        "text": "Bring me up-to-date with news happening .",
        "userDefined": false
      }
    ],
    "isTemplate": false,
    "count": 0,
    "lang": "en",
    "updated": 0
  },
  {
    "id": "a74c617f-8f98-4c1e-a9f1-470c3bbec66d",
    "data": [
      {
        "text": "Give me the current news situation",
        "userDefined": false
      }
    ],
    "isTemplate": false,
    "count": 0,
    "lang": "en",
    "updated": 0
  },
  {
    "id": "0ec94196-d6db-43b1-bce2-90a9e815014b",
    "data": [
      {
        "text": "Deliver news updates",
        "userDefined": false
      }
    ],
    "isTemplate": false,
    "count": 0,
    "lang": "en",
    "updated": 0
  },
  {
    "id": "eed9569c-5ef0-4a8e-b19d-897916bcb2f9",
    "data": [
      {
        "text": "Present news reports",
        "userDefined": false
      }
    ],
    "isTemplate": false,
    "count": 0,
    "lang": "en",
    "updated": 0
  },
  {
    "id": "f601f653-7be8-40cf-a081-d651a1cab7a1",
    "data": [
      {
        "text": "Show news headlines",
        "userDefined": false
      }
    ],
    "isTemplate": false,
    "count": 0,
    "lang": "en",
    "updated": 0
  },
  {
    "id": "be95fdd0-3053-4777-b37b-734a337443a4",
    "data": [
      {
        "text": "Get updates on what\u0027s happening",
        "userDefined": false
      }
    ],
    "isTemplate": false,
    "count": 0,
    "lang": "en",
    "updated": 0
  },
  {
    "id": "123fd41f-5c1d-4f1c-b813-c72398eaa24d",
    "data": [
      {
        "text": "Show me the latest news",
        "userDefined": false
      }
    ],
    "isTemplate": false,
    "count": 0,
    "lang": "en",
    "updated": 0
  },
  {
    "id": "fac40b20-fdd0-4fa9-ba82-1ba6878dd7d4",
    "data": [
      {
        "text": "Provide me with news stories",
        "userDefined": false
      }
    ],
    "isTemplate": false,
    "count": 0,
    "lang": "en",
    "updated": 0
  },
  {
    "id": "8fc1a850-8db9-450f-9741-93ca930be047",
    "data": [
      {
        "text": "Fetch news updates",
        "userDefined": false
      }
    ],
    "isTemplate": false,
    "count": 0,
    "lang": "en",
    "updated": 0
  },
  {
    "id": "84da424a-dc9f-4faf-9bb1-c05f1dc5db7c",
    "data": [
      {
        "text": "Retrieve news articles",
        "userDefined": false
      }
    ],
    "isTemplate": false,
    "count": 0,
    "lang": "en",
    "updated": 0
  },
  {
    "id": "f6a93099-fd71-4368-af2a-46cf5e95856a",
    "data": [
      {
        "text": "Get me news",
        "userDefined": false
      }
    ],
    "isTemplate": false,
    "count": 0,
    "lang": "en",
    "updated": 0
  }
]