[
  {
    "value": "Sleep",
    "synonyms": [
      "Sleep",
      "sleeping",
      "to sleep"
    ]
  },
  {
    "value": "eat",
    "synonyms": [
      "eat",
      "eating"
    ]
  },
  {
    "value": "visit Doctor",
    "synonyms": [
      "Doctor\u0027s appointments",
      "appointment"
    ]
  },
  {
    "value": "visit Dentist",
    "synonyms": [
      "Dentist visits",
      "visit dentist"
    ]
  },
  {
    "value": "go for Business meetings",
    "synonyms": [
      "Business meetings",
      "meeting"
    ]
  },
  {
    "value": "go for parent-teacher conferences",
    "synonyms": [
      "Parent-teacher conferences",
      "Conferences"
    ]
  },
  {
    "value": "submit projects",
    "synonyms": [
      "Deadlines for projects",
      "project submission"
    ]
  },
  {
    "value": "call client",
    "synonyms": [
      "Client calls or meetings",
      "phone call"
    ]
  },
  {
    "value": "Submission of reports",
    "synonyms": [
      "Submission of reports",
      "submit report"
    ]
  },
  {
    "value": "Team meetings",
    "synonyms": [
      "Team meetings",
      "team meet"
    ]
  },
  {
    "value": "Pay bills",
    "synonyms": [
      "Paying bills",
      "bill payment"
    ]
  },
  {
    "value": "Medication reminders",
    "synonyms": [
      "Medication reminders",
      "medicate"
    ]
  },
  {
    "value": "Birthdays and anniversaries",
    "synonyms": [
      "Birthdays and anniversaries",
      "Birthday",
      "Marriage Aniversary",
      "wedding"
    ]
  },
  {
    "value": "Exercise or workout sessions",
    "synonyms": [
      "Exercise or workout sessions",
      "exercise",
      "workout",
      "go to gym"
    ]
  },
  {
    "value": "Grocery shopping",
    "synonyms": [
      "Grocery shopping",
      "shopping",
      "clothing"
    ]
  },
  {
    "value": "Cleaning schedules",
    "synonyms": [
      "Cleaning schedules"
    ]
  },
  {
    "value": "Laundry day",
    "synonyms": [
      "Laundry day",
      "wash clothes",
      "dry clothes",
      "manage cupboard"
    ]
  },
  {
    "value": "Garbage collection day",
    "synonyms": [
      "Garbage collection day",
      "garbage clean"
    ]
  },
  {
    "value": "Study sessions",
    "synonyms": [
      "Study sessions",
      "study",
      "read",
      "learn"
    ]
  },
  {
    "value": "Assignment due dates",
    "synonyms": [
      "Assignment due dates",
      "assignment submission"
    ]
  },
  {
    "value": "Online classes or webinars",
    "synonyms": [
      "Online classes or webinars",
      "class",
      "webinar"
    ]
  },
  {
    "value": "Exam dates",
    "synonyms": [
      "Exam dates",
      "Exams",
      "Paper"
    ]
  },
  {
    "value": "Dinner with friends",
    "synonyms": [
      "Dinner with friends",
      "Date",
      "Hangout"
    ]
  },
  {
    "value": "parties",
    "synonyms": [
      "Social events",
      "Treat"
    ]
  },
  {
    "value": "Sports",
    "synonyms": [
      "Sports",
      "tennis",
      "badi",
      "badminton",
      "lawn tennis"
    ]
  },
  {
    "value": "Volunteer work",
    "synonyms": [
      "Volunteer work",
      "Social work"
    ]
  },
  {
    "value": "Flight check-ins",
    "synonyms": [
      "Flight check-ins",
      "Flight booking",
      "Ticket booking"
    ]
  },
  {
    "value": "Packing for a trip",
    "synonyms": [
      "Packing for a trip",
      "Packing",
      "Pack bags"
    ]
  },
  {
    "value": "Hotel check-in",
    "synonyms": [
      "Hotel check-in",
      "Hotel book",
      "Hotel find"
    ]
  },
  {
    "value": "Car maintenance",
    "synonyms": [
      "Car maintenance",
      "service",
      "car cleanup"
    ]
  },
  {
    "value": "Reading time",
    "synonyms": [
      "Reading time",
      "read"
    ]
  },
  {
    "value": "medidate",
    "synonyms": [
      "medidate"
    ]
  },
  {
    "value": "Hydration reminders",
    "synonyms": [
      "Hydration reminders",
      "hydrate"
    ]
  },
  {
    "value": "Skincare routines",
    "synonyms": [
      "Skincare routines",
      "apply cream",
      "facewash",
      "tooner"
    ]
  },
  {
    "value": "Medical check-ups",
    "synonyms": [
      "Medical check-ups",
      "visit doctor",
      "doctor checkup"
    ]
  },
  {
    "value": "Crafting or DIY project deadlines",
    "synonyms": [
      "Crafting or DIY project deadlines",
      "craft",
      "Holiday Homework"
    ]
  },
  {
    "value": "Meetings",
    "synonyms": [
      "Meetings",
      "meet"
    ]
  },
  {
    "value": "study",
    "synonyms": [
      "study",
      "studying",
      "stud",
      "learn"
    ]
  }
]